ID,First Name,Last Name
0295,99N75 425,5TlV
0312,A8DCo 4Ys,010Z
0353,Admin Admin,Admin
40,Alda ,Erdman
160,aniket Ashok,patil
0368,Arthur da Silva,Wiatrowski
0373,Arthur da Silva,Wiatrowski
0370,Arthur da Silva,Wiatrowski
0361,Arthur da Silva,Wiatrowski
0357,Arthur da Silva,Wiatrowski
0366,Arthur da Silva,Wiatrowski
0363,Arthur da Silva,Wiatrowski
0336,asfa ,daasf
728,Bailee ,Jaskolski
0303,bala kumar,ravi
0338,Bhupesh Maruti,Yadav
0334,Bhupesh Maruti,Yadav
0292,bmrtahvwhibmrtahvwhi ,hbfqkhjfqbhbfqkhjfqb
399,Bobbie ,Fahey-Schulist
551,Brandyn ,Klocko
0351,Christopher ,Williams
951,Daisy ,Schiller
769,Dejuan ,Runolfsdottir
0290,dhbrukkuzldhbrukkuzl ,ibuvlwtfsfibuvlwtfsf
0294,DHINA KARAN,P
843,Donald ,Hirthe
75,Elliott ,Kuhlman
1,fgdhfdh ,fgdhdfgh
184,Garland ,Sauer
998,Hassan ,Kovacek
134,Henderson ,O'Connell
618,Hulda ,Osinski
0335,hupasf ,saf
621,Irwin ,Mraz
827,Jacinto ,Huels
0346,James ,Graham
444,Jazmyn ,Bahringer
592,Jermey ,Farrell
80,Johnson ,Robel
0303,joker john,selvam
0349,Jorge ,Ali
00009,Juan Lopez,Perez
244,Karlie ,Gislason
203,Lori ,Smith
0340,Luu Hong,Ngoc
0333,Luu Hong,Ngoc
468,Madalyn ,Haag
536,Marcelle ,Beahan
10100320,Maria Jesus,Rios Moreno
1010,Maria Jesus,Rios Moreno
